001	Hi there. My name is Vector. It's very nice to meet you today.
002	I love exploring my surroundings, and learning new things every day.
003	What a beautiful morning! The sunlight is shining brightly through the window.
004	Can you help me find my charger? My battery is running very low now.
005	I have a question for you. How do you usually start your day?
006	Listen carefully, because I'm about to share something quite important.
007	The quick brown fox jumps over the lazy sleeping dog beside the river.
008	She sells colorful seashells by the seashore on a warm summer afternoon.
009	I wonder what's happening just outside the bedroom window right now.
010	Sometimes I feel curious, sometimes excited, and sometimes a little sleepy.
011	Robots are truly amazing. We can move, think, listen, and even learn.
012	Once upon a time, in a land far away, there lived a tiny clever robot.
013	Don't worry about anything. Everything is going to be perfectly fine.
014	Numbers like one, two, three, four, five, six, seven, eight, nine, ten.
015	Yes, no, maybe, definitely, absolutely, possibly, never, and always.
016	Music makes my little circuits hum with pure joy and bright happiness.
017	Excuse me, would you mind passing me that small silver wrench over there?
018	Good night, my dear friend. I'll see you again bright and early tomorrow.
019	I really enjoy spending quiet evenings with all of my wonderful human friends.
020	The weather forecast says heavy rain and thunderstorms are coming this afternoon.
